--most of the insertions [made using generate data]
--insertions
insert into facility values ('Lahore Free welfare hospital','lahore , 293856,610','214-25-234')
--inserting departments
insert into department values ('cardiology', 'center for heart diseases', 'a',1)
insert into department values ('radiology', 'center for radiology', 'a',1)
insert into department values ('neurology', 'center for neural diseases', 'a',1)
insert into department values ('engineering', 'center for handling technical issues', 'a',1)
insert into department values ('physiology', 'center for physiology', 'a',1)
insert into department values ('management', 'center for physiology', 'a',1)

--inserting floors [made using generate data]
INSERT INTO floor ([level],[description],[department_id])
	VALUES(1,'eu, ultrices sit amet, risus. Donec nibh enim, gravida sit',1)
	,(2,'nec ligula consectetuer rhoncus. Nullam velit dui, semper et, lacinia',2)
	,(3,'elit pede, malesuada vel, venenatis vel, faucibus id, libero. Donec',3)
	,(4,'elit. Aliquam auctor, velit eget laoreet posuere, enim nisl elementum',4)
	,(5,'a, scelerisque sed, sapien. Nunc pulvinar arcu et pede. Nunc',5);
--insert rooms
INSERT INTO room([name],[floor_id]) VALUES('sollicitudin',1)
,('scelerisque',1),('tempor',1),('est.',1),('accumsan',1),('eu',1),('justo',1),('litora',1),('pede',1),
('non',1),('nulla.',1),('Donec',1),('bibendum',1),('amet',1),('Fusce',1),('sit',1),('Suspendisse',1),
('eget',1),('cursus',1),('Sed',1),('sed,',1),('erat.',1),('euismod',1),('metus',1),('porttitor',1),
('elit',1),('ad',1),('egestas',1),('Donec',1),('aliquet',1);
INSERT INTO room([name],[floor_id]) VALUES('fermentum',2),('scelerisque',2),('neque',2),('nonummy',2),
('risus.',2),('magna.',2),('sagittis',2),('venenatis',2),('aliquet,',2),('eleifend',2),('parturient',2),
('ut,',2),('nibh',2),('turpis',2),('Pellentesque',2),('Aliquam',2),('scelerisque',2),('nec,',2),('Nulla',2),
('Praesent',2),('placerat',2),('nisl.',2),('tristique',2),('Quisque',2),('Fusce',2),('Nam',2),('tortor,',2),
('montes,',2),('nec',2),('tincidunt',2);
INSERT INTO room([name],[floor_id]) VALUES('neque',3),('diam',3),('ipsum',3),('Nunc',3),('blandit',3),('nec,',3),('Fusce',3),('Suspendisse',3),('dolor',3),('egestas.',3),('Curabitur',3),('felis',3),('Phasellus',3),('vestibulum,',3),('velit.',3),('Mauris',3),('sit',3),('rutrum',3),('interdum',3),('Nullam',3),('nonummy',3),('ligula.',3),('nunc,',3),('convallis',3),('malesuada',3),('interdum',3),('turpis.',3),('netus',3),('Suspendisse',3),('risus',3);
INSERT INTO room([name],[floor_id]) VALUES('vel,',4),('id',4),('ut',4),('tempor',4),('aliquam',4),('ultricies',4),('Quisque',4),('lorem',4),('Curabitur',4),('fringilla',4),('blandit.',4),('amet,',4),('porttitor',4),('nulla',4),('Sed',4),('nisi.',4),('cubilia',4),('netus',4),('Nunc',4),('sed',4),('vulputate,',4),('dignissim',4),('lorem,',4),('Proin',4),('vulputate,',4),('luctus.',4),('orci,',4),('a,',4),('arcu.',4),('per',4);
INSERT INTO room([name],[floor_id]) VALUES('tellus',5),('et',5),('ac',5),('est,',5),('diam.',5),('ipsum',5),('massa',5),('aliquet,',5),('ligula',5),('elit.',5),('commodo',5),('commodo',5),('dictum',5),('libero.',5),('eu,',5),('sed',5),('eget,',5),('ut',5),('nonummy',5),('commodo',5),('arcu.',5),('magna.',5),('sollicitudin',5),('Nam',5),('amet',5),('mus.',5),('dolor',5),('montes,',5),('enim.',5),('a,',5);
--insert wards
INSERT INTO ward([name],[floor_id],[description]) VALUES('libero.',1,'commodo hendrerit. Donec porttitor tellus non magna. Nam ligula elit,'),('libero',1,'sem egestas blandit. Nam nulla magna, malesuada vel, convallis in,'),('nisl.',1,'magnis dis parturient montes, nascetur ridiculus mus. Proin vel arcu'),('semper',1,'sagittis felis. Donec tempor, est ac mattis semper, dui lectus'),('libero',1,'taciti sociosqu ad litora torquent per conubia nostra, per inceptos');
INSERT INTO ward([name],[floor_id],[description]) VALUES('magna.',2,'est. Nunc ullamcorper, velit in aliquet lobortis, nisi nibh lacinia'),('Vestibulum',2,'euismod urna. Nullam lobortis quam a felis ullamcorper viverra. Maecenas'),('neque',2,'metus urna convallis erat, eget tincidunt dui augue eu tellus.'),('euismod',2,'neque. In ornare sagittis felis. Donec tempor, est ac mattis'),('interdum',2,'a tortor. Nunc commodo auctor velit. Aliquam nisl. Nulla eu');
INSERT INTO ward([name],[floor_id],[description]) VALUES('tincidunt',3,'et risus. Quisque libero lacus, varius et, euismod et, commodo'),('massa.',3,'malesuada id, erat. Etiam vestibulum massa rutrum magna. Cras convallis'),('mus.',3,'ut dolor dapibus gravida. Aliquam tincidunt, nunc ac mattis ornare,'),('magna.',3,'fames ac turpis egestas. Fusce aliquet magna a neque. Nullam'),('interdum.',3,'Phasellus in felis. Nulla tempor augue ac ipsum. Phasellus vitae');
INSERT INTO ward([name],[floor_id],[description]) VALUES('magna,',4,'enim diam vel arcu. Curabitur ut odio vel est tempor'),('Nam',4,'dapibus ligula. Aliquam erat volutpat. Nulla dignissim. Maecenas ornare egestas'),('malesuada',4,'dolor dapibus gravida. Aliquam tincidunt, nunc ac mattis ornare, lectus'),('mollis.',4,'sit amet ante. Vivamus non lorem vitae odio sagittis semper.'),('dictum',4,'et arcu imperdiet ullamcorper. Duis at lacus. Quisque purus sapien,');
INSERT INTO ward([name],[floor_id],[description]) VALUES('Quisque',5,'auctor. Mauris vel turpis. Aliquam adipiscing lobortis risus. In mi'),('sit',5,'mi eleifend egestas. Sed pharetra, felis eget varius ultrices, mauris'),('bibendum',5,'orci lobortis augue scelerisque mollis. Phasellus libero mauris, aliquam eu,'),('sit',5,'est. Mauris eu turpis. Nulla aliquet. Proin velit. Sed malesuada'),('posuere',5,'at, velit. Cras lorem lorem, luctus ut, pellentesque eget, dictum');
--employees
--we have to implement inheritence here so it's a little complicated
----adding doctors
INSERT INTO employee([first_name],[last_name],[date_of_birth],[gender],[job_description],[working_shift],[email],[password],[department_id],[room_id]) VALUES('molestie.','volutpat','02/29/2020','female','aliquet, metus urna convallis erat, eget tincidunt dui augue eu','morning','Curabitur@dictumProin.com','sem',3,128),('Aliquam','nec','03/07/2020','female','parturient montes, nascetur ridiculus mus. Donec dignissim magna a tortor.','morning','id.ante@pulvinararcu.co.uk','orci.',1,121),('enim','urna.','10/17/2021','male','adipiscing non, luctus sit amet, faucibus ut, nulla. Cras eu','morning','varius@lectuspede.co.uk','at',3,146),('pharetra','elit.','11/08/2021','female','cubilia Curae; Donec tincidunt. Donec vitae erat vel pede blandit','morning','nisi.dictum@eget.org','odio',3,56),('libero','eros.','06/11/2020','male','morbi tristique senectus et netus et malesuada fames ac turpis','morning','dolor.sit@vitae.net','metus.',2,55),('pharetra','eu,','01/14/2021','male','fermentum convallis ligula. Donec luctus aliquet odio. Etiam ligula tortor,','night','magna.Lorem.ipsum@dolorquam.net','massa.',1,62),('cubilia','ultrices.','02/19/2021','female','leo. Cras vehicula aliquet libero. Integer in magna. Phasellus dolor','morning','cursus.et@tempor.edu','at',2,75),('Nunc','elit,','03/05/2020','male','eu lacus. Quisque imperdiet, erat nonummy ultricies ornare, elit elit','morning','turpis.non.enim@Nuncsollicitudincommodo.com','Vivamus',1,60),('Maecenas','odio','08/23/2021','male','in aliquet lobortis, nisi nibh lacinia orci, consectetuer euismod est','morning','elit@arcuNuncmauris.org','dictum',2,85),('sagittis','mauris.','07/13/2020','male','tincidunt tempus risus. Donec egestas. Duis ac arcu. Nunc mauris.','morning','elit@non.co.uk','Curabitur',3,11),('penatibus','eget,','03/22/2020','male','nisl. Quisque fringilla euismod enim. Etiam gravida molestie arcu. Sed','morning','lorem.sit@et.org','libero',2,65),('parturient','ultrices','06/22/2021','male','pellentesque massa lobortis ultrices. Vivamus rhoncus. Donec est. Nunc ullamcorper,','night','Nullam@feugiat.co.uk','a,',3,110),('nisi','congue','06/07/2021','male','in faucibus orci luctus et ultrices posuere cubilia Curae; Phasellus','night','dictum.eu.placerat@etmagnisdis.org','Pellentesque',1,66),('vitae','Sed','10/29/2021','female','cubilia Curae; Phasellus ornare. Fusce mollis. Duis sit amet diam','morning','molestie.dapibus.ligula@blanditat.net','congue',2,36),('adipiscing','accumsan','01/11/2022','female','eu, euismod ac, fermentum vel, mauris. Integer sem elit, pharetra','night','nec@aenim.org','sem',2,33),('sagittis.','lectus.','06/28/2021','male','velit. Pellentesque ultricies dignissim lacus. Aliquam rutrum lorem ac risus.','morning','consequat.enim.diam@interdumliberodui.com','facilisis',3,138),('semper.','rhoncus.','02/28/2021','male','lobortis. Class aptent taciti sociosqu ad litora torquent per conubia','night','lorem@vestibulummassa.net','id',2,96),('Etiam','facilisis','09/28/2020','female','dui. Cum sociis natoque penatibus et magnis dis parturient montes,','morning','Quisque.libero@faucibusorci.com','montes,',3,57),('Cras','aliquet','09/09/2021','female','dolor. Nulla semper tellus id nunc interdum feugiat. Sed nec','night','turpis@Curabitursedtortor.edu','leo.',2,104),('Proin','a','07/09/2021','male','Nullam scelerisque neque sed sem egestas blandit. Nam nulla magna,','morning','eu@fermentum.org','Vestibulum',3,60),('non,','velit','07/14/2021','male','elit erat vitae risus. Duis a mi fringilla mi lacinia','night','nisl.arcu.iaculis@Ut.org','sed,',1,38),('magnis','lobortis','02/15/2021','female','Donec est mauris, rhoncus id, mollis nec, cursus a, enim.','morning','est.ac.facilisis@semper.co.uk','adipiscing',3,129),('arcu.','justo','10/28/2021','female','ac, fermentum vel, mauris. Integer sem elit, pharetra ut, pharetra','morning','rutrum.urna@turpis.co.uk','lorem.',3,32),('Nunc','Pellentesque','05/09/2021','female','sit amet diam eu dolor egestas rhoncus. Proin nisl sem,','morning','sem.consequat.nec@in.co.uk','ante',3,22),('mauris','Nunc','08/27/2020','female','est. Nunc ullamcorper, velit in aliquet lobortis, nisi nibh lacinia','night','lacinia.vitae.sodales@Duis.co.uk','mauris,',1,113),('risus.','malesuada','11/28/2021','male','ligula. Nullam enim. Sed nulla ante, iaculis nec, eleifend non,','morning','mi.Aliquam@Nuncsed.co.uk','ornare,',1,77),('sed','semper.','06/16/2020','female','inceptos hymenaeos. Mauris ut quam vel sapien imperdiet ornare. In','morning','Nam.ligula.elit@eu.net','Nullam',1,73),('et,','Etiam','08/09/2021','female','Phasellus dapibus quam quis diam. Pellentesque habitant morbi tristique senectus','night','non.magna.Nam@velitPellentesque.ca','mauris,',2,19),('dapibus','ac','06/02/2021','female','sapien. Cras dolor dolor, tempus non, lacinia at, iaculis quis,','night','Ut.sagittis.lobortis@nisiaodio.net','mollis',2,90),('fermentum','a,','05/09/2021','male','Mauris blandit enim consequat purus. Maecenas libero est, congue a,','night','sed.pede.nec@bibendumDonecfelis.net','fermentum',2,135);
INSERT INTO employee([first_name],[last_name],[date_of_birth],[gender],[job_description],[working_shift],[email],[password],[department_id],[room_id]) VALUES('lectus','sagittis.','04/24/2021','female','pede, ultrices a, auctor non, feugiat nec, diam. Duis mi','morning','habitant.morbi.tristique@lectus.net','tortor.',2,92),('et','semper','08/17/2020','female','at auctor ullamcorper, nisl arcu iaculis enim, sit amet ornare','morning','mi.Duis@enim.edu','sollicitudin',1,139),('ac','orci','11/01/2021','male','risus. Donec nibh enim, gravida sit amet, dapibus id, blandit','night','tortor.nibh@a.net','Fusce',1,131),('nunc','taciti','04/10/2021','female','neque pellentesque massa lobortis ultrices. Vivamus rhoncus. Donec est. Nunc','night','sed@luctusfelis.com','faucibus',3,8),('nec','Vivamus','10/10/2021','male','mauris sit amet lorem semper auctor. Mauris vel turpis. Aliquam','morning','orci@faucibusorciluctus.com','vulputate,',2,11),('viverra.','ridiculus','10/27/2020','female','risus. Nunc ac sem ut dolor dapibus gravida. Aliquam tincidunt,','night','penatibus@estvitae.com','magna',1,137),('suscipit,','Aliquam','06/11/2021','male','vel lectus. Cum sociis natoque penatibus et magnis dis parturient','night','pellentesque@egestasascelerisque.edu','mattis',1,83),('porttitor','cursus','09/24/2021','female','Nunc mauris sapien, cursus in, hendrerit consectetuer, cursus et, magna.','morning','Mauris.blandit.enim@augueporttitorinterdum.ca','Duis',1,43),('Ut','cursus','07/13/2020','male','eget nisi dictum augue malesuada malesuada. Integer id magna et','night','Integer@dictumeuplacerat.ca','justo',2,34),('augue','erat','03/13/2020','female','tincidunt nibh. Phasellus nulla. Integer vulputate, risus a ultricies adipiscing,','night','turpis.nec.mauris@sitametdiam.co.uk','risus.',2,50),('parturient','Pellentesque','06/04/2021','male','Nullam vitae diam. Proin dolor. Nulla semper tellus id nunc','night','sodales.elit.erat@euismodenimEtiam.ca','Class',2,62),('libero.','nonummy','01/28/2021','female','Pellentesque ut ipsum ac mi eleifend egestas. Sed pharetra, felis','morning','mi.ac@pulvinararcu.org','augue',3,53),('lectus','penatibus','11/03/2020','male','aliquet nec, imperdiet nec, leo. Morbi neque tellus, imperdiet non,','morning','elit.dictum@Etiamlaoreetlibero.com','sem,',2,42),('Maecenas','lacus.','03/23/2020','male','dis parturient montes, nascetur ridiculus mus. Proin vel nisl. Quisque','morning','tempor.erat@sollicitudina.ca','Aliquam',2,48),('magna,','eget','12/16/2020','male','rutrum magna. Cras convallis convallis dolor. Quisque tincidunt pede ac','night','sem.mollis.dui@molestie.com','tellus',1,24),('nascetur','id,','04/03/2020','male','metus. In nec orci. Donec nibh. Quisque nonummy ipsum non','night','tincidunt.neque@primisinfaucibus.net','Suspendisse',3,146),('arcu.','Proin','07/19/2020','female','nunc nulla vulputate dui, nec tempus mauris erat eget ipsum.','night','sapien@Vivamusnonlorem.co.uk','Donec',2,84),('gravida','Nullam','01/16/2021','female','interdum enim non nisi. Aenean eget metus. In nec orci.','morning','condimentum.eget@euismodenimEtiam.com','accumsan',3,105),('et','nunc,','05/11/2020','female','Duis a mi fringilla mi lacinia mattis. Integer eu lacus.','morning','purus@Nuncsollicitudincommodo.edu','odio',3,37),('turpis','Nunc','10/29/2021','female','luctus felis purus ac tellus. Suspendisse sed dolor. Fusce mi','morning','velit.Cras.lorem@ornare.com','natoque',2,65),('sagittis','arcu.','05/15/2021','female','odio. Etiam ligula tortor, dictum eu, placerat eget, venenatis a,','night','nisi@acurnaUt.com','eget',1,39),('massa','massa.','01/02/2022','female','dignissim tempor arcu. Vestibulum ut eros non enim commodo hendrerit.','morning','mauris.id.sapien@mauris.co.uk','scelerisque',3,60),('netus','et','06/10/2021','male','Lorem ipsum dolor sit amet, consectetuer adipiscing elit. Aliquam auctor,','morning','et.arcu.imperdiet@DonectinciduntDonec.org','pellentesque',2,70),('adipiscing','molestie','03/14/2021','female','accumsan sed, facilisis vitae, orci. Phasellus dapibus quam quis diam.','night','interdum@sitametante.com','auctor',2,6),('ullamcorper','ante.','04/23/2020','male','tristique senectus et netus et malesuada fames ac turpis egestas.','morning','eu.nibh@necquamCurabitur.edu','mauris,',2,11),('ante.','pellentesque','07/29/2021','male','iaculis odio. Nam interdum enim non nisi. Aenean eget metus.','morning','vestibulum@Nulla.org','varius',2,16),('ante','quam,','10/24/2021','female','lacus. Etiam bibendum fermentum metus. Aenean sed pede nec ante','night','tellus.Suspendisse@anunc.org','lorem',2,116),('ac','pede.','03/09/2021','female','sit amet massa. Quisque porttitor eros nec tellus. Nunc lectus','night','interdum.feugiat.Sed@portaelit.com','augue',2,101),('facilisis','non,','08/14/2021','male','volutpat. Nulla dignissim. Maecenas ornare egestas ligula. Nullam feugiat placerat','night','hendrerit@massarutrummagna.co.uk','vitae,',1,45),('sagittis.','dui.','01/17/2021','male','natoque penatibus et magnis dis parturient montes, nascetur ridiculus mus.','night','non.lorem@pharetra.edu','ante.',3,116);
INSERT INTO employee([first_name],[last_name],[date_of_birth],[gender],[job_description],[working_shift],[email],[password],[department_id],[room_id]) VALUES('auctor,','at','06/01/2021','male','Class aptent taciti sociosqu ad litora torquent per conubia nostra,','night','elementum.lorem@laciniaSedcongue.org','fermentum',3,24),('euismod','Suspendisse','08/19/2020','female','leo elementum sem, vitae aliquam eros turpis non enim. Mauris','night','ipsum.sodales@facilisis.co.uk','tortor',2,136),('ac','lorem','05/25/2021','male','sodales purus, in molestie tortor nibh sit amet orci. Ut','morning','consequat@facilisis.edu','quis',2,38),('Cras','in,','06/11/2020','female','Ut tincidunt vehicula risus. Nulla eget metus eu erat semper','night','nisi@pedeblandit.org','ornare.',1,51),('Sed','ac','04/24/2020','female','Curabitur sed tortor. Integer aliquam adipiscing lacus. Ut nec urna','morning','lectus.pede@Vestibulumante.ca','magna',3,73),('non,','ipsum.','10/17/2021','female','Proin vel nisl. Quisque fringilla euismod enim. Etiam gravida molestie','morning','luctus.aliquet@non.com','vel',3,9),('blandit.','Etiam','12/11/2021','female','eget, dictum placerat, augue. Sed molestie. Sed id risus quis','night','dui.augue.eu@duinec.org','leo',1,74),('mi','ultricies','09/24/2020','female','semper et, lacinia vitae, sodales at, velit. Pellentesque ultricies dignissim','night','tempus@magnisdisparturient.com','interdum',3,5),('augue','mauris','07/16/2021','female','Vestibulum ut eros non enim commodo hendrerit. Donec porttitor tellus','morning','sapien@atnisi.com','nunc',2,45),('nulla','at','06/26/2021','female','at sem molestie sodales. Mauris blandit enim consequat purus. Maecenas','morning','ligula.Aenean@etultrices.co.uk','Suspendisse',3,36),('ante,','lorem','09/14/2021','male','Cras dictum ultricies ligula. Nullam enim. Sed nulla ante, iaculis','morning','ipsum.porta@semutcursus.edu','magna',2,61),('orci','porttitor','12/07/2021','male','sem elit, pharetra ut, pharetra sed, hendrerit a, arcu. Sed','night','scelerisque@eu.ca','sodales',1,18),('dui','eget','07/10/2021','male','Nulla dignissim. Maecenas ornare egestas ligula. Nullam feugiat placerat velit.','night','tortor.dictum.eu@sedpedenec.ca','est.',1,82),('Quisque','ornare','04/04/2021','male','erat. Sed nunc est, mollis non, cursus non, egestas a,','night','nunc.sit.amet@purus.ca','mauris',2,112),('lacus.','id','10/04/2021','female','adipiscing elit. Aliquam auctor, velit eget laoreet posuere, enim nisl','morning','elit.pretium.et@fermentumrisusat.ca','est,',1,89),('purus.','in','05/23/2021','male','metus eu erat semper rutrum. Fusce dolor quam, elementum at,','morning','primis.in.faucibus@risusDonec.net','cubilia',3,7),('molestie','facilisis','01/25/2021','female','Vestibulum ante ipsum primis in faucibus orci luctus et ultrices','night','metus.urna.convallis@blanditmattisCras.co.uk','dolor,',1,80),('tempus,','Duis','08/08/2021','male','Integer in magna. Phasellus dolor elit, pellentesque a, facilisis non,','morning','per.inceptos.hymenaeos@Intincidunt.com','et',3,77),('enim,','sed','05/30/2020','male','luctus. Curabitur egestas nunc sed libero. Proin sed turpis nec','morning','nunc@non.co.uk','convallis',3,100),('velit','Sed','11/28/2021','female','Sed et libero. Proin mi. Aliquam gravida mauris ut mi.','night','orci.luctus@enim.com','eu',1,26),('Cras','magna','11/28/2021','female','eget, dictum placerat, augue. Sed molestie. Sed id risus quis','night','Sed.auctor@cursusinhendrerit.com','mauris',2,27),('elit.','sit','05/26/2021','female','ipsum sodales purus, in molestie tortor nibh sit amet orci.','night','iaculis@Maecenasliberoest.co.uk','In',2,46),('diam','consectetuer','10/22/2021','female','faucibus lectus, a sollicitudin orci sem eget massa. Suspendisse eleifend.','morning','pede.Nunc.sed@maurissagittis.edu','mauris.',2,10),('eu,','semper.','08/17/2021','male','sed turpis nec mauris blandit mattis. Cras eget nisi dictum','night','consectetuer@euismodenim.co.uk','Suspendisse',2,69),('eu','ante,','07/09/2020','female','venenatis lacus. Etiam bibendum fermentum metus. Aenean sed pede nec','night','at.auctor@metus.edu','eget',1,102),('ornare,','dis','07/06/2020','female','erat, eget tincidunt dui augue eu tellus. Phasellus elit pede,','night','Vestibulum.accumsan.neque@Duisami.com','ornare',1,40),('sodales','ridiculus','03/09/2021','female','ut nisi a odio semper cursus. Integer mollis. Integer tincidunt','night','nisl.Maecenas@quistristique.com','malesuada',1,13),('magna.','suscipit','12/22/2021','male','Nullam lobortis quam a felis ullamcorper viverra. Maecenas iaculis aliquet','morning','rutrum.justo.Praesent@diam.edu','lorem,',2,112),('vel','ac','08/25/2021','female','tincidunt. Donec vitae erat vel pede blandit congue. In scelerisque','morning','id.ante.dictum@ridiculusmus.co.uk','enim,',2,7),('Ut','Proin','02/22/2020','female','vitae diam. Proin dolor. Nulla semper tellus id nunc interdum','morning','interdum.libero@nec.edu','vitae',2,95);
--employees who will become managerial
INSERT INTO employee([first_name],[last_name],[date_of_birth],[gender],[job_description],[working_shift],[email],[password],[department_id],[room_id]) VALUES('Donec','semper','10/11/2020','female','Sed dictum. Proin eget odio. Aliquam vulputate ullamcorper magna. Sed','morning','tincidunt.Donec@fringillapurus.org','arcu',6,8),('magna','Sed','08/22/2020','female','lacus. Mauris non dui nec urna suscipit nonummy. Fusce fermentum','morning','turpis@sed.net','fermentum',6,74),('ultricies','et,','07/24/2021','male','tempor lorem, eget mollis lectus pede et risus. Quisque libero','morning','metus@sedleo.com','euismod',6,61),('Aenean','aliquet','02/17/2020','female','Etiam gravida molestie arcu. Sed eu nibh vulputate mauris sagittis','night','velit@vitae.org','parturient',6,37),('neque','Proin','12/06/2020','male','Fusce diam nunc, ullamcorper eu, euismod ac, fermentum vel, mauris.','morning','pede.Praesent.eu@amet.edu','posuere',6,93),('mi','amet,','08/02/2021','male','ligula. Aenean gravida nunc sed pede. Cum sociis natoque penatibus','morning','eros.nec.tellus@feugiatnecdiam.org','lacus',6,2),('orci','nibh.','12/01/2021','female','semper et, lacinia vitae, sodales at, velit. Pellentesque ultricies dignissim','night','dui.nec.urna@Nuncquis.org','ipsum',6,141),('Morbi','porttitor','06/19/2021','male','vel arcu. Curabitur ut odio vel est tempor bibendum. Donec','night','mauris.elit.dictum@tempusmauris.ca','arcu.',6,15),('arcu.','Sed','11/05/2020','male','torquent per conubia nostra, per inceptos hymenaeos. Mauris ut quam','morning','sociosqu.ad@Seddiam.edu','dolor.',6,19),('fermentum','lobortis','09/14/2020','female','aliquet odio. Etiam ligula tortor, dictum eu, placerat eget, venenatis','morning','amet.dapibus.id@etmagnisdis.com','cursus.',6,61),('Cras','dictum','03/04/2021','male','malesuada fringilla est. Mauris eu turpis. Nulla aliquet. Proin velit.','night','lectus.justo.eu@Integereulacus.com','lectus',6,36),('Nulla','imperdiet','01/28/2020','female','non quam. Pellentesque habitant morbi tristique senectus et netus et','morning','vitae.nibh@tempusnon.co.uk','dolor,',6,88),('luctus,','nulla','11/09/2021','male','Aliquam ultrices iaculis odio. Nam interdum enim non nisi. Aenean','morning','consequat.dolor.vitae@fringilla.edu','eu,',6,121),('euismod','Curabitur','03/29/2021','male','Donec tempus, lorem fringilla ornare placerat, orci lacus vestibulum lorem,','morning','sit.amet.ultricies@acorci.com','magna.',6,130),('est','quam','05/30/2020','female','Aliquam ultrices iaculis odio. Nam interdum enim non nisi. Aenean','morning','Suspendisse@elementumdui.co.uk','nulla',6,15),('facilisis','tortor.','12/31/2021','female','gravida non, sollicitudin a, malesuada id, erat. Etiam vestibulum massa','night','Maecenas@Aliquamvulputate.com','Curabitur',6,75),('enim.','nisl','01/16/2021','male','venenatis vel, faucibus id, libero. Donec consectetuer mauris id sapien.','morning','arcu.vel.quam@porttitor.edu','lorem,',6,104),('ac','ac','08/05/2021','male','Vivamus molestie dapibus ligula. Aliquam erat volutpat. Nulla dignissim. Maecenas','morning','pede.ac@turpis.net','parturient',6,64),('odio.','eu','03/10/2021','female','turpis. Nulla aliquet. Proin velit. Sed malesuada augue ut lacus.','morning','orci.quis.lectus@ornare.edu','Duis',6,124),('at,','Cras','07/06/2020','female','mattis ornare, lectus ante dictum mi, ac mattis velit justo','morning','ut.quam@etnetuset.com','felis,',6,64),('Nulla','Cras','01/19/2020','male','est ac mattis semper, dui lectus rutrum urna, nec luctus','morning','dolor@penatibus.ca','Donec',6,44),('auctor,','arcu','03/02/2020','female','diam. Duis mi enim, condimentum eget, volutpat ornare, facilisis eget,','morning','mi.pede@Nulla.net','iaculis',6,18),('nulla','sagittis','01/11/2021','female','fermentum vel, mauris. Integer sem elit, pharetra ut, pharetra sed,','night','Phasellus@Nullamscelerisqueneque.ca','velit',6,74),('Donec','vulputate','02/17/2021','female','dapibus quam quis diam. Pellentesque habitant morbi tristique senectus et','night','magnis.dis.parturient@inhendrerit.org','nisi.',6,91),('libero','lacus.','01/22/2020','male','pede. Praesent eu dui. Cum sociis natoque penatibus et magnis','night','adipiscing.elit.Curabitur@pharetrased.net','Vivamus',6,41),('sed,','consequat,','10/22/2020','female','at fringilla purus mauris a nunc. In at pede. Cras','night','Quisque.ac.libero@mi.com','massa',6,8),('Donec','vel','04/05/2021','female','sollicitudin adipiscing ligula. Aenean gravida nunc sed pede. Cum sociis','morning','tellus.eu.augue@duinec.net','penatibus',6,63),('Pellentesque','tempus','06/15/2021','female','purus sapien, gravida non, sollicitudin a, malesuada id, erat. Etiam','night','parturient.montes.nascetur@condimentumDonecat.com','eu,',6,111),('sit','Mauris','01/24/2020','male','lectus rutrum urna, nec luctus felis purus ac tellus. Suspendisse','night','euismod.et.commodo@nasceturridiculusmus.com','magnis',6,39),('eu,','facilisis,','12/15/2020','female','elementum, dui quis accumsan convallis, ante lectus convallis est, vitae','morning','aliquam@varius.edu','conubia',6,47);
INSERT INTO employee([first_name],[last_name],[date_of_birth],[gender],[job_description],[working_shift],[email],[password],[department_id],[room_id]) VALUES('dictum','Donec','06/25/2020','male','a felis ullamcorper viverra. Maecenas iaculis aliquet diam. Sed diam','morning','posuere.at@urnaNunc.net','odio',6,140),('felis,','ut','07/31/2021','male','Donec vitae erat vel pede blandit congue. In scelerisque scelerisque','night','nec.diam.Duis@enimconsequat.org','accumsan',6,30),('placerat.','orci','01/19/2020','male','tellus. Aenean egestas hendrerit neque. In ornare sagittis felis. Donec','morning','tempus@Phasellusornare.com','ut,',6,97),('et','posuere','03/13/2020','female','Integer vulputate, risus a ultricies adipiscing, enim mi tempor lorem,','night','enim.non@a.net','quis',6,41),('eros.','Nulla','12/21/2021','female','elit fermentum risus, at fringilla purus mauris a nunc. In','morning','est.congue.a@at.com','sem.',6,71),('risus.','tellus.','06/13/2021','female','libero. Proin mi. Aliquam gravida mauris ut mi. Duis risus','night','ligula.Aenean.gravida@molestie.org','ut',6,24),('nunc','nisi.','09/22/2020','male','Sed nunc est, mollis non, cursus non, egestas a, dui.','night','mattis.ornare@augueac.net','ultrices',6,36),('risus.','nibh.','04/02/2020','male','ultricies dignissim lacus. Aliquam rutrum lorem ac risus. Morbi metus.','morning','accumsan.sed.facilisis@aptenttacitisociosqu.co.uk','pharetra',6,14),('malesuada','lacus.','07/27/2020','female','elementum at, egestas a, scelerisque sed, sapien. Nunc pulvinar arcu','morning','morbi.tristique.senectus@musDonecdignissim.net','ultrices',6,27),('scelerisque,','velit','10/26/2020','female','eget, dictum placerat, augue. Sed molestie. Sed id risus quis','morning','Vivamus@mi.edu','Cras',6,38),('Ut','risus.','12/28/2020','female','pede blandit congue. In scelerisque scelerisque dui. Suspendisse ac metus','night','Fusce@consectetueradipiscing.org','vulputate,',6,107),('metus.','tempus','10/18/2020','female','a felis ullamcorper viverra. Maecenas iaculis aliquet diam. Sed diam','morning','libero@iaculisenimsit.edu','porta',6,112),('euismod','Vivamus','11/28/2020','female','tortor, dictum eu, placerat eget, venenatis a, magna. Lorem ipsum','morning','pulvinar.arcu@idenim.co.uk','vel',6,39),('vitae','diam','04/08/2021','female','convallis in, cursus et, eros. Proin ultrices. Duis volutpat nunc','morning','at@neceuismod.edu','nisi',6,88),('Nulla','Nullam','07/28/2021','male','massa. Suspendisse eleifend. Cras sed leo. Cras vehicula aliquet libero.','night','ipsum.Suspendisse@Maurisblanditenim.edu','urna',6,35),('diam','tortor,','06/29/2020','male','ut mi. Duis risus odio, auctor vitae, aliquet nec, imperdiet','night','nec.luctus@necmollis.com','eu',6,78),('at,','semper','08/24/2020','female','vehicula aliquet libero. Integer in magna. Phasellus dolor elit, pellentesque','night','dolor.tempus@adipiscing.net','tincidunt',6,11),('luctus','malesuada','08/22/2021','female','nibh dolor, nonummy ac, feugiat non, lobortis quis, pede. Suspendisse','morning','pellentesque.eget.dictum@nequevitaesemper.com','velit.',6,8),('cursus.','cubilia','06/03/2021','male','dolor dapibus gravida. Aliquam tincidunt, nunc ac mattis ornare, lectus','night','felis.Nulla.tempor@tellus.edu','amet,',6,6),('malesuada','in','04/19/2021','male','suscipit nonummy. Fusce fermentum fermentum arcu. Vestibulum ante ipsum primis','morning','pede.nec.ante@vitaedolor.net','nec',6,2),('ipsum','ut','09/27/2020','female','ultrices. Vivamus rhoncus. Donec est. Nunc ullamcorper, velit in aliquet','night','tristique.pharetra.Quisque@loremeumetus.co.uk','vestibulum',6,50),('tempor','Cras','08/19/2020','male','Nam nulla magna, malesuada vel, convallis in, cursus et, eros.','night','tristique.senectus@libero.net','Donec',6,10),('eget,','mi','10/31/2021','male','Maecenas libero est, congue a, aliquet vel, vulputate eu, odio.','night','eget.venenatis@Cumsociis.com','sem.',6,16),('metus.','cursus','07/24/2020','female','sed dui. Fusce aliquam, enim nec tempus scelerisque, lorem ipsum','night','Nunc@quam.org','Ut',6,92),('aliquet.','ac','01/26/2020','female','nascetur ridiculus mus. Donec dignissim magna a tortor. Nunc commodo','night','odio@erosProinultrices.ca','lobortis.',6,88),('Donec','viverra.','05/02/2021','female','eu enim. Etiam imperdiet dictum magna. Ut tincidunt orci quis','morning','blandit@liberoettristique.co.uk','vitae',6,141),('Phasellus','mi','06/23/2020','female','at fringilla purus mauris a nunc. In at pede. Cras','morning','amet@Maurisvel.net','vel',6,79),('metus','risus','01/30/2020','male','nisi dictum augue malesuada malesuada. Integer id magna et ipsum','morning','purus@utnisi.net','lectus.',6,96),('convallis','turpis.','01/18/2020','female','massa rutrum magna. Cras convallis convallis dolor. Quisque tincidunt pede','morning','sit.amet.luctus@nasceturridiculusmus.com','nisi.',6,133),('risus.','in','09/08/2021','male','vulputate mauris sagittis placerat. Cras dictum ultricies ligula. Nullam enim.','night','Sed.congue.elit@feugiattelluslorem.edu','mauris',6,76);
INSERT INTO employee([first_name],[last_name],[date_of_birth],[gender],[job_description],[working_shift],[email],[password],[department_id],[room_id]) VALUES('nec','felis,','01/04/2022','female','vehicula risus. Nulla eget metus eu erat semper rutrum. Fusce','night','Vivamus@tempusrisus.co.uk','Sed',6,75),('tellus','non,','10/06/2021','male','orci, consectetuer euismod est arcu ac orci. Ut semper pretium','night','lorem@malesuada.com','Vivamus',6,75),('dignissim','in,','06/24/2020','female','ridiculus mus. Aenean eget magna. Suspendisse tristique neque venenatis lacus.','morning','nisl.Maecenas@ultricesaauctor.com','Phasellus',6,105),('consequat','Suspendisse','01/21/2020','female','non, bibendum sed, est. Nunc laoreet lectus quis massa. Mauris','morning','sed@consequatenimdiam.ca','eu',6,3),('dui.','pede','11/16/2020','female','justo sit amet nulla. Donec non justo. Proin non massa','night','In@NullainterdumCurabitur.com','nec',6,24),('aliquet,','iaculis','03/05/2020','female','Integer eu lacus. Quisque imperdiet, erat nonummy ultricies ornare, elit','night','porttitor.tellus.non@dictum.net','Duis',6,101),('nascetur','volutpat.','05/30/2020','male','dictum eleifend, nunc risus varius orci, in consequat enim diam','morning','enim@consequatdolorvitae.com','a',6,107),('dignissim','magna','05/17/2020','male','lectus rutrum urna, nec luctus felis purus ac tellus. Suspendisse','morning','magna@diamluctus.com','Nam',6,51),('in,','odio','01/29/2020','female','enim. Curabitur massa. Vestibulum accumsan neque et nunc. Quisque ornare','night','sagittis.Nullam.vitae@eueros.org','erat',6,37),('ante.','Nunc','10/01/2020','male','risus. Morbi metus. Vivamus euismod urna. Nullam lobortis quam a','night','Sed@Maecenas.co.uk','vestibulum',6,37),('mauris','Proin','01/24/2021','female','sollicitudin orci sem eget massa. Suspendisse eleifend. Cras sed leo.','morning','Nullam@arcuCurabitur.com','ornare.',6,3),('arcu.','Pellentesque','06/18/2021','female','et tristique pellentesque, tellus sem mollis dui, in sodales elit','morning','eros@Nulla.net','tellus',6,46),('erat','In','08/09/2020','female','purus mauris a nunc. In at pede. Cras vulputate velit','morning','non.lorem.vitae@disparturient.ca','pulvinar',6,74),('viverra.','convallis','10/22/2020','female','sagittis. Duis gravida. Praesent eu nulla at sem molestie sodales.','morning','Quisque.fringilla@loremac.com','turpis.',6,78),('magna','lobortis,','10/27/2021','female','euismod ac, fermentum vel, mauris. Integer sem elit, pharetra ut,','morning','feugiat.Sed@amalesuada.edu','iaculis',6,32),('a','sodales.','07/05/2020','male','ut, sem. Nulla interdum. Curabitur dictum. Phasellus in felis. Nulla','night','enim.non.nisi@primisin.com','lectus',6,24),('semper','amet','02/10/2021','male','tellus id nunc interdum feugiat. Sed nec metus facilisis lorem','morning','sed.dui.Fusce@orcisemeget.ca','diam.',6,18),('vitae,','justo.','03/23/2020','female','amet, consectetuer adipiscing elit. Etiam laoreet, libero et tristique pellentesque,','night','Vivamus@egestasblandit.com','a',6,123),('nec,','eros','04/19/2021','female','interdum ligula eu enim. Etiam imperdiet dictum magna. Ut tincidunt','morning','sem.molestie.sodales@odioAliquam.com','vitae,',6,61),('sed,','vel','11/19/2020','male','Proin mi. Aliquam gravida mauris ut mi. Duis risus odio,','morning','Curabitur@nonmagna.co.uk','Nunc',6,56),('aliquet','dignissim','08/22/2020','female','at auctor ullamcorper, nisl arcu iaculis enim, sit amet ornare','night','Proin.dolor@massaSuspendisse.org','Nulla',6,90),('mattis','Nam','02/01/2020','male','a sollicitudin orci sem eget massa. Suspendisse eleifend. Cras sed','night','primis.in.faucibus@aliquet.net','dolor',6,83),('odio.','nibh','04/22/2021','male','eu eros. Nam consequat dolor vitae dolor. Donec fringilla. Donec','night','diam.at@elitdictumeu.co.uk','vel',6,137),('neque.','est,','12/20/2021','male','sollicitudin commodo ipsum. Suspendisse non leo. Vivamus nibh dolor, nonummy','morning','Integer@tellussem.ca','imperdiet',6,26),('elit,','est','03/06/2021','female','Donec dignissim magna a tortor. Nunc commodo auctor velit. Aliquam','morning','felis.purus.ac@malesuadaid.edu','nec',6,145),('habitant','sagittis','07/29/2021','male','nunc. Quisque ornare tortor at risus. Nunc ac sem ut','night','lobortis@iaculisenimsit.co.uk','magna.',6,38),('ut,','erat.','07/08/2020','female','non, lacinia at, iaculis quis, pede. Praesent eu dui. Cum','night','ut.eros.non@amet.co.uk','sit',6,134),('ipsum','urna','03/12/2020','male','convallis est, vitae sodales nisi magna sed dui. Fusce aliquam,','morning','Cras@etmagnis.org','sed',6,75),('risus','arcu.','06/22/2021','male','mi lacinia mattis. Integer eu lacus. Quisque imperdiet, erat nonummy','night','montes.nascetur.ridiculus@tincidunt.com','sed',6,60),('sociis','metus.','12/03/2020','male','turpis vitae purus gravida sagittis. Duis gravida. Praesent eu nulla','night','lorem.eu@Vestibulumut.com','at',6,35);
--employees who will become technical
INSERT INTO employee([first_name],[last_name],[date_of_birth],[gender],[job_description],[working_shift],[email],[password],[department_id],[room_id]) VALUES('et','tortor','01/14/2021','male','elit. Etiam laoreet, libero et tristique pellentesque, tellus sem mollis','night','convallis.est.vitae@posuere.net','justo',5,103),('non,','at','04/20/2020','male','accumsan laoreet ipsum. Curabitur consequat, lectus sit amet luctus vulputate,','night','enim@velarcu.org','dui',5,107),('Mauris','id,','12/07/2020','male','amet, risus. Donec nibh enim, gravida sit amet, dapibus id,','morning','adipiscing.elit.Etiam@molestiein.net','sed',5,87),('nibh','augue','10/15/2021','female','tristique aliquet. Phasellus fermentum convallis ligula. Donec luctus aliquet odio.','night','mauris@dui.co.uk','libero',5,95),('luctus','Phasellus','11/30/2021','male','feugiat metus sit amet ante. Vivamus non lorem vitae odio','night','vitae.aliquet.nec@odiovel.net','dictum',5,30),('sociis','Aenean','05/11/2020','male','arcu. Aliquam ultrices iaculis odio. Nam interdum enim non nisi.','morning','mauris.blandit@ornareplacerat.com','Donec',5,23),('hendrerit','Donec','06/17/2021','female','Etiam ligula tortor, dictum eu, placerat eget, venenatis a, magna.','night','nascetur@Etiamvestibulum.ca','sem',5,73),('ligula.','semper','03/22/2021','female','Etiam vestibulum massa rutrum magna. Cras convallis convallis dolor. Quisque','morning','pellentesque.Sed.dictum@dolor.net','adipiscing',5,51),('scelerisque,','diam','01/18/2021','male','Phasellus vitae mauris sit amet lorem semper auctor. Mauris vel','night','dapibus.rutrum@sagittissemper.net','Etiam',5,95),('et,','tincidunt','01/08/2021','male','rutrum non, hendrerit id, ante. Nunc mauris sapien, cursus in,','night','laoreet@Namconsequat.com','facilisi.',5,79),('id','amet,','06/21/2020','female','quis, pede. Suspendisse dui. Fusce diam nunc, ullamcorper eu, euismod','morning','purus.Duis@anteipsumprimis.com','malesuada',5,51),('eu','diam','05/04/2020','male','nulla. In tincidunt congue turpis. In condimentum. Donec at arcu.','night','dui.Cras.pellentesque@egestas.co.uk','varius',5,148),('ridiculus','Nullam','04/23/2021','female','a, malesuada id, erat. Etiam vestibulum massa rutrum magna. Cras','night','sem@nasceturridiculus.edu','nunc',5,52),('risus.','Morbi','06/23/2020','female','morbi tristique senectus et netus et malesuada fames ac turpis','morning','nulla.at@gravida.ca','justo',5,58),('mattis.','nisi.','12/15/2021','female','Class aptent taciti sociosqu ad litora torquent per conubia nostra,','night','lorem.lorem@pedemalesuada.com','mattis',5,142),('Vivamus','non','07/21/2021','male','magna. Suspendisse tristique neque venenatis lacus. Etiam bibendum fermentum metus.','night','non.lobortis.quis@malesuadavelvenenatis.edu','semper',5,11),('adipiscing','faucibus','03/11/2020','male','vulputate, risus a ultricies adipiscing, enim mi tempor lorem, eget','night','ac.tellus.Suspendisse@gravidamolestiearcu.edu','lorem',5,98),('eros','egestas','01/28/2021','female','nunc, ullamcorper eu, euismod ac, fermentum vel, mauris. Integer sem','night','nibh.sit@augueSed.ca','dui.',5,33),('scelerisque','diam','01/15/2021','female','varius. Nam porttitor scelerisque neque. Nullam nisl. Maecenas malesuada fringilla','night','luctus.ut@duiFusce.net','nec',5,52),('a','nec','08/29/2020','female','eleifend non, dapibus rutrum, justo. Praesent luctus. Curabitur egestas nunc','morning','Ut.sagittis@sed.net','magna.',5,35),('sed','tellus.','11/30/2020','male','arcu. Vestibulum ante ipsum primis in faucibus orci luctus et','morning','erat.Etiam@egetipsumDonec.ca','rhoncus.',5,83),('at','ornare','03/26/2020','male','Aenean sed pede nec ante blandit viverra. Donec tempus, lorem','night','nulla.at.sem@magnisdisparturient.ca','vitae',5,9),('mollis','pharetra.','05/25/2020','female','ipsum ac mi eleifend egestas. Sed pharetra, felis eget varius','morning','fringilla.est@euenim.co.uk','ornare,',5,64),('Etiam','nisi.','04/01/2020','male','pellentesque massa lobortis ultrices. Vivamus rhoncus. Donec est. Nunc ullamcorper,','night','Aliquam@Morbiquis.net','Morbi',5,7),('magna.','ipsum','09/16/2021','female','Duis mi enim, condimentum eget, volutpat ornare, facilisis eget, ipsum.','night','vel.arcu.eu@blanditviverra.net','sem,',5,9),('faucibus','ut','10/28/2020','female','Nunc ac sem ut dolor dapibus gravida. Aliquam tincidunt, nunc','morning','euismod@interdumCurabitur.edu','eget',5,22),('orci','arcu','01/29/2021','male','Proin ultrices. Duis volutpat nunc sit amet metus. Aliquam erat','morning','eros@Vivamussit.ca','torquent',5,143),('id','turpis.','07/19/2020','female','Nullam ut nisi a odio semper cursus. Integer mollis. Integer','night','arcu.Vivamus.sit@acfeugiatnon.org','malesuada',5,87),('penatibus','parturient','09/24/2020','female','orci. Ut sagittis lobortis mauris. Suspendisse aliquet molestie tellus. Aenean','morning','morbi@ac.edu','Nunc',5,59),('ac','Mauris','01/23/2020','female','eu nibh vulputate mauris sagittis placerat. Cras dictum ultricies ligula.','night','lacus@sollicitudinorcisem.net','sed',5,139);

------medical employees
INSERT INTO medical_employee([employee_id]) VALUES(1),(2),(3),(4),(5),(6),(7),(8),(9),(10),(11),(12),(13),(14),(15),(16),(17),(18),(19),(20),(21),(22),(23),(24),(25),(26),(27),(28),(29),(30);
INSERT INTO medical_employee([employee_id]) VALUES(31),(32),(33),(34),(35),(36),(37),(38),(39),(40),(41),(42),(43),(44),(45),(46),(47),(48),(49),(50),(51),(52),(53),(54),(55),(56),(57),(58),(59),(60);
INSERT INTO medical_employee([employee_id]) VALUES(61),(62),(63),(64),(65),(66),(67),(68),(69),(70),(71),(72),(73),(74),(75),(76),(77),(78),(79),(80),(81),(82),(83),(84),(85),(86),(87),(88),(89),(90);
-- 30 medical =doctors, 30 surgeons, 30 nurses
------doctors
INSERT INTO doctor([medical_employee_id],[speciality]) VALUES(1,'dui, semper et, lacinia vitae,'),(2,'dictum placerat, augue. Sed molestie.'),(3,'semper tellus id nunc interdum'),(4,'neque non quam. Pellentesque habitant'),(5,'sem semper erat, in consectetuer'),(6,'malesuada fringilla est. Mauris eu'),(7,'sagittis. Nullam vitae diam. Proin'),(8,'molestie in, tempus eu, ligula.'),(9,'malesuada vel, venenatis vel, faucibus'),(10,'euismod enim. Etiam gravida molestie'),(11,'sagittis. Duis gravida. Praesent eu'),(12,'augue, eu tempor erat neque'),(13,'ipsum. Suspendisse non leo. Vivamus'),(14,'Aenean euismod mauris eu elit.'),(15,'et magnis dis parturient montes,'),(16,'lacus. Mauris non dui nec'),(17,'facilisis vitae, orci. Phasellus dapibus'),(18,'at, libero. Morbi accumsan laoreet'),(19,'sed dictum eleifend, nunc risus'),(20,'mollis. Integer tincidunt aliquam arcu.'),(21,'ac tellus. Suspendisse sed dolor.'),(22,'ut odio vel est tempor'),(23,'luctus, ipsum leo elementum sem,'),(24,'luctus. Curabitur egestas nunc sed'),(25,'magna. Phasellus dolor elit, pellentesque'),(26,'metus facilisis lorem tristique aliquet.'),(27,'aliquet vel, vulputate eu, odio.'),(28,'erat, in consectetuer ipsum nunc'),(29,'nisl. Quisque fringilla euismod enim.'),(30,'diam at pretium aliquet, metus');
------surgeons
INSERT INTO surgeon([medical_employee_id],[speciality]) VALUES(31,'massa. Mauris vestibulum, neque sed'),(32,'vitae risus. Duis a mi'),(33,'tincidunt. Donec vitae erat vel'),(34,'In condimentum. Donec at arcu.'),(35,'ad litora torquent per conubia'),(36,'vulputate, posuere vulputate, lacus. Cras'),(37,'eu dui. Cum sociis natoque'),(38,'metus. In lorem. Donec elementum,'),(39,'Integer tincidunt aliquam arcu. Aliquam'),(40,'felis purus ac tellus. Suspendisse'),(41,'sem, consequat nec, mollis vitae,'),(42,'congue a, aliquet vel, vulputate'),(43,'Donec nibh enim, gravida sit'),(44,'Suspendisse non leo. Vivamus nibh'),(45,'ultrices. Vivamus rhoncus. Donec est.'),(46,'non, dapibus rutrum, justo. Praesent'),(47,'non enim. Mauris quis turpis'),(48,'rutrum. Fusce dolor quam, elementum'),(49,'consequat enim diam vel arcu.'),(50,'nec quam. Curabitur vel lectus.'),(51,'nibh vulputate mauris sagittis placerat.'),(52,'sapien imperdiet ornare. In faucibus.'),(53,'est. Nunc ullamcorper, velit in'),(54,'et, lacinia vitae, sodales at,'),(55,'rhoncus. Donec est. Nunc ullamcorper,'),(56,'ullamcorper, velit in aliquet lobortis,'),(57,'tincidunt orci quis lectus. Nullam'),(58,'vitae, sodales at, velit. Pellentesque'),(59,'ante. Maecenas mi felis, adipiscing'),(60,'Morbi accumsan laoreet ipsum. Curabitur');
-----nurses
INSERT INTO nurse([medical_employee_id],[role],[ward_id]) VALUES(61,'Nulla eget metus eu erat',16),(62,'arcu ac orci. Ut semper',17),(63,'ipsum. Suspendisse non leo. Vivamus',8),(64,'at, iaculis quis, pede. Praesent',10),(65,'tincidunt, nunc ac mattis ornare,',13),(66,'elit erat vitae risus. Duis',24),(67,'Etiam gravida molestie arcu. Sed',16),(68,'risus odio, auctor vitae, aliquet',23),(69,'eu, ultrices sit amet, risus.',1),(70,'sem. Pellentesque ut ipsum ac',12),(71,'orci, consectetuer euismod est arcu',15),(72,'dolor elit, pellentesque a, facilisis',3),(73,'arcu. Nunc mauris. Morbi non',11),(74,'sit amet massa. Quisque porttitor',9),(75,'odio. Nam interdum enim non',5),(76,'ligula. Nullam enim. Sed nulla',18),(77,'egestas. Sed pharetra, felis eget',16),(78,'lorem, eget mollis lectus pede',9),(79,'at arcu. Vestibulum ante ipsum',1),(80,'sociis natoque penatibus et magnis',20),(81,'Fusce dolor quam, elementum at,',6),(82,'pede. Nunc sed orci lobortis',25),(83,'arcu. Curabitur ut odio vel',20),(84,'vitae velit egestas lacinia. Sed',18),(85,'elementum purus, accumsan interdum libero',9),(86,'torquent per conubia nostra, per',25),(87,'diam. Proin dolor. Nulla semper',5),(88,'ornare, lectus ante dictum mi,',12),(89,'elit. Etiam laoreet, libero et',20),(90,'tincidunt aliquam arcu. Aliquam ultrices',24);
----------managerial employees
INSERT INTO managerial_employee([employee_id],[type]) VALUES(91,'facility_manager'),(92,'receptionist'),(93,'facility_manager'),(94,'hr_manager'),(95,'receptionist'),(96,'hr_manager'),(97,'hr_manager'),(98,'hr_manager'),(99,'hr_manager'),(100,'facility_manager'),(101,'receptionist'),(102,'facility_manager'),(103,'hr_manager'),(104,'facility_manager'),(105,'receptionist'),(106,'facility_manager'),(107,'receptionist'),(108,'facility_manager'),(109,'receptionist'),(110,'hr_manager'),(111,'facility_manager'),(112,'hr_manager'),(113,'receptionist'),(114,'hr_manager'),(115,'receptionist'),(116,'receptionist'),(117,'facility_manager'),(118,'receptionist'),(119,'facility_manager'),(120,'receptionist');
------technical employees
INSERT INTO technical_employee([post],[type],[floor_id],[employee_id]) VALUES('iaculis','et',3,121),('ut,','nec',1,122),('Sed','at',3,123),('augue','justo',4,124),('Cum','molestie',5,125),('diam','ut',2,126),('erat','amet,',4,127),('magna,','diam',2,128),('eu','Sed',4,129),('imperdiet','et,',3,130),('quis','mauris,',4,131),('nisi','Donec',3,132),('ligula.','Integer',4,133),('sit','ut',3,134),('tellus.','Donec',2,135),('Donec','lectus',5,136),('porttitor','in',2,137),('tincidunt','dignissim',5,138),('magna.','nulla',4,139),('auctor','dolor',2,140),('et','et',2,141),('erat.','aliquet',3,142),('tristique','Donec',5,143),('amet,','Nam',5,144),('scelerisque,','erat',1,145),('ligula.','nulla',5,146),('rutrum','dictum',4,147),('mi','vel',3,148),('at,','et,',5,149),('metus','Quisque',5,150);
---

---inventories
--items
INSERT INTO item([amount],[description],[name]) VALUES(11,'Mauris vel turpis. Aliquam adipiscing lobortis','Lobortis Augue Inc.'),(42,'eget, volutpat ornare, facilisis eget, ipsum.','Ac Corp.'),(45,'non, egestas a, dui. Cras pellentesque.','Ipsum Primis In Industries'),(37,'tempor arcu. Vestibulum ut eros non','Cum Limited'),(12,'Nunc pulvinar arcu et pede. Nunc','At Libero Morbi Associates'),(3,'non, luctus sit amet, faucibus ut,','Curabitur Sed Consulting'),(25,'risus. Donec egestas. Aliquam nec enim.','Dui Limited'),(32,'Quisque libero lacus, varius et, euismod','Vulputate Ltd'),(31,'nisl. Quisque fringilla euismod enim. Etiam','Nisi Aenean Eget Company'),(31,'scelerisque neque. Nullam nisl. Maecenas malesuada','Vulputate Posuere Vulputate Ltd'),(39,'Nam consequat dolor vitae dolor. Donec','Morbi Limited'),(1,'In nec orci. Donec nibh. Quisque','Velit Sed Limited'),(12,'iaculis enim, sit amet ornare lectus','Augue Corp.'),(49,'dictum. Proin eget odio. Aliquam vulputate','Dictum Institute'),(39,'adipiscing ligula. Aenean gravida nunc sed','Posuere Corp.'),(33,'malesuada fames ac turpis egestas. Aliquam','Vivamus PC'),(36,'fringilla ornare placerat, orci lacus vestibulum','Gravida Mauris Ut Industries'),(17,'est, congue a, aliquet vel, vulputate','Pellentesque Ut Ipsum LLC'),(5,'libero et tristique pellentesque, tellus sem','Eleifend Cras Institute'),(43,'Donec dignissim magna a tortor. Nunc','Lobortis Mauris Suspendisse LLP'),(45,'Pellentesque habitant morbi tristique senectus et','Quis Diam Pellentesque Corporation'),(41,'in aliquet lobortis, nisi nibh lacinia','Libero Corporation'),(20,'tincidunt, neque vitae semper egestas, urna','Luctus Lobortis Class Foundation'),(14,'cursus non, egestas a, dui. Cras','Lacinia Orci Ltd'),(39,'Maecenas iaculis aliquet diam. Sed diam','Sed Diam Lorem PC'),(28,'Nunc mauris elit, dictum eu, eleifend','Libero At Auctor LLC'),(46,'Nullam feugiat placerat velit. Quisque varius.','Morbi LLC'),(25,'ut erat. Sed nunc est, mollis','Dictum Placerat Augue Ltd'),(18,'non quam. Pellentesque habitant morbi tristique','Et Lacinia Incorporated'),(10,'libero. Proin sed turpis nec mauris','Tempus Eu Ltd');
----inventory
INSERT INTO inventory([item_id],[type]) VALUES(1,'arcu.'),(2,'Praesent'),(3,'erat'),(4,'Curabitur'),(5,'fringilla'),(6,'sed'),(7,'mi'),(8,'vitae'),(9,'id,'),(10,'sollicitudin'),(11,'fringilla,'),(12,'pede'),(13,'In'),(14,'at,'),(15,'enim.'),(16,'ut'),(17,'Aenean'),(18,'id'),(19,'non,'),(20,'eget'),(21,'dolor.'),(22,'est,'),(23,'ac'),(24,'risus.'),(25,'lacus'),(26,'eget'),(27,'egestas'),(28,'Aenean'),(29,'Ut'),(30,'enim');
--inventory in use
---this is something that will change during the use and in the beginning has no items in use
--PATIENT
INSERT INTO patient([first_name],[last_name],[date_of_birth],[gender],[email],[password],[ward_id]) VALUES('tempus','ac','03/28/2020','female','Aliquam.erat@euodioPhasellus.net','eu,',17),('risus.','aliquet.','09/18/2020','female','sapien.cursus@ornaretortorat.org','aliquet',5),('Phasellus','Aenean','05/14/2021','male','cursus.a@amagna.co.uk','auctor',15),('sem,','non','06/17/2020','male','Suspendisse.aliquet@ligulaNullam.com','et',17),('ut','enim','07/21/2021','female','nascetur.ridiculus.mus@malesuadaaugueut.net','posuere',11),('tincidunt','rhoncus.','02/09/2021','female','massa.Quisque@Craslorem.ca','Nullam',20),('Mauris','sit','06/30/2020','female','facilisis.eget.ipsum@Utsagittislobortis.net','nunc',25),('augue,','neque','07/08/2021','female','Duis@velarcueu.co.uk','ac',12),('magna.','Suspendisse','10/22/2020','female','Nunc@non.edu','odio',21),('parturient','sociis','04/23/2020','female','dictum.magna@Aeneaneuismod.com','ac',25),('vehicula','natoque','07/07/2020','female','fermentum.fermentum.arcu@odio.com','enim,',5),('mattis','vitae,','11/11/2020','female','dapibus@elitpellentesque.co.uk','aliquam',20),('Suspendisse','dui,','01/26/2021','male','bibendum.ullamcorper.Duis@Aliquam.org','dis',18),('risus.','Quisque','07/15/2021','female','enim.sit.amet@gravidasagittisDuis.org','arcu.',12),('volutpat.','turpis','09/02/2020','male','metus.vitae@maurisblandit.co.uk','Curabitur',10),('nunc','accumsan','01/29/2021','male','mi@diamProin.com','nulla',13),('pede,','facilisis,','07/26/2021','male','amet@Donecfelisorci.ca','congue,',23),('Donec','risus.','04/14/2020','male','orci@velconvallis.ca','erat.',25),('magna','risus.','09/04/2020','male','torquent.per@tellus.net','facilisis',15),('Aliquam','sed','09/17/2021','male','metus.eu@orciUtsagittis.com','bibendum',10),('tellus.','consectetuer','12/19/2021','female','pede@turpisnon.net','In',22),('Pellentesque','at,','08/14/2020','female','a@risus.co.uk','ornare,',3),('sodales','at','06/21/2021','female','aliquet.molestie@sapien.edu','sapien.',7),('id','dignissim','11/20/2020','female','condimentum.Donec@lectusjusto.co.uk','in',22),('mi','urna,','08/02/2020','male','purus.ac@justonecante.com','ut',21),('accumsan','ipsum','03/04/2020','male','Fusce.dolor@pharetraut.org','luctus',18),('vulputate,','lacus.','10/07/2021','female','a.facilisis.non@inconsectetuer.org','quis',21),('felis','purus.','01/04/2022','male','Phasellus.dolor.elit@at.com','Morbi',12),('leo','primis','11/24/2021','male','pulvinar@purusMaecenaslibero.edu','vitae,',15),('dui,','orci','11/11/2020','female','molestie@eueratsemper.net','Integer',20);
--patient history
INSERT INTO history([condition],[date],[patient_id]) VALUES('Mauris quis turpis vitae purus','06/09/1993',1),('lorem semper auctor. Mauris vel','07/19/1994',2),('risus, at fringilla purus mauris','07/02/2010',3),('ante. Vivamus non lorem vitae','01/28/2001',4),('nec urna et arcu imperdiet','02/12/1981',5),('eu, euismod ac, fermentum vel,','08/01/1992',6),('leo elementum sem, vitae aliquam','06/04/1979',7),('mattis ornare, lectus ante dictum','05/31/1993',8),('lobortis quam a felis ullamcorper','05/06/1981',9),('ligula elit, pretium et, rutrum','08/02/2013',10),('non, dapibus rutrum, justo. Praesent','03/09/1998',11),('hendrerit. Donec porttitor tellus non','10/27/2012',12),('Fusce aliquam, enim nec tempus','10/17/1987',13),('Suspendisse tristique neque venenatis lacus.','02/12/2001',14),('arcu ac orci. Ut semper','09/07/2000',15),('aliquam iaculis, lacus pede sagittis','10/25/2021',16),('elementum, dui quis accumsan convallis,','03/10/1990',17),('adipiscing. Mauris molestie pharetra nibh.','04/17/2007',18),('tristique ac, eleifend vitae, erat.','06/05/1978',19),('Maecenas iaculis aliquet diam. Sed','02/21/2010',20),('mollis lectus pede et risus.','05/27/1992',21),('id, libero. Donec consectetuer mauris','10/05/1989',22),('aliquet, sem ut cursus luctus,','08/18/2010',23),('ornare, lectus ante dictum mi,','11/30/2000',24),('lacus. Mauris non dui nec','09/17/2017',25),('euismod in, dolor. Fusce feugiat.','01/10/1987',26),('ut dolor dapibus gravida. Aliquam','06/12/1986',27),('et, magna. Praesent interdum ligula','08/15/1994',28),('eu arcu. Morbi sit amet','07/05/1985',29),('sociis natoque penatibus et magnis','06/25/2010',30);
----appointments
INSERT INTO appointment([patient_id],[receptionist_id],[doctor_id],[date],[time]) VALUES(1,1,1,'10/08/2018','12:32'),(2,2,2,'11/06/2013','12:32'),(3,3,3,'01/22/2015','12:32'),(4,4,4,'04/05/2013','12:32'),(5,5,5,'04/02/2013','12:32'),(6,6,6,'12/30/2010','12:32'),(7,7,7,'02/13/2018','12:32'),(8,8,8,'03/05/2013','12:32'),(9,9,9,'05/07/2009','12:32'),(10,10,10,'01/17/2012','12:32'),(11,11,11,'11/17/2014','12:32'),(12,12,12,'11/02/2014','12:32'),(13,13,13,'11/16/2010','12:32'),(14,14,14,'08/22/2003','12:32'),(15,15,15,'11/05/2017','12:32'),(16,16,16,'04/18/2004','12:32'),(17,17,17,'06/09/2015','12:32'),(18,18,18,'04/28/2017','12:32'),(19,19,19,'11/17/2009','12:32'),(20,20,20,'06/28/2016','12:32'),(21,21,21,'03/08/2013','12:32'),(22,22,22,'10/06/2008','12:32'),(23,23,23,'05/22/2015','12:32'),(24,24,24,'12/11/2011','12:32'),(25,25,25,'12/07/2014','12:32'),(26,26,26,'04/15/2008','12:32'),(27,27,27,'10/21/2002','12:32'),(28,28,28,'12/06/2006','12:32'),(29,29,29,'06/16/2002','12:32'),(30,30,30,'12/01/2008','12:32');

--surgeries
INSERT INTO surgery([patient_id],[surgeon_id],[doctor_id],[date],[time]) VALUES(1,1,1,'01/06/2009','12:32'),(2,2,2,'04/15/2006','12:32'),(3,3,3,'07/10/2020','12:32'),(4,4,4,'08/24/2005','12:32'),(5,5,5,'09/20/2009','12:32'),(6,6,6,'10/26/2019','12:32'),(7,7,7,'09/02/2002','12:32'),(8,8,8,'02/01/2018','12:32'),(9,9,9,'05/27/2008','12:32'),(10,10,10,'12/01/2006','12:32'),(11,11,11,'04/13/2009','12:32'),(12,12,12,'12/10/2012','12:32'),(13,13,13,'09/02/2007','12:32'),(14,14,14,'01/08/2006','12:32'),(15,15,15,'06/28/2018','12:32'),(16,16,16,'08/02/2016','12:32'),(17,17,17,'01/07/2003','12:32'),(18,18,18,'11/03/2016','12:32'),(19,19,19,'05/12/2005','12:32'),(20,20,20,'01/24/2014','12:32'),(21,21,21,'11/02/2012','12:32'),(22,22,22,'08/11/2006','12:32'),(23,23,23,'04/07/2005','12:32'),(24,24,24,'03/12/2008','12:32'),(25,25,25,'07/30/2018','12:32'),(26,26,26,'12/04/2002','12:32'),(27,27,27,'12/23/2018','12:32'),(28,28,28,'11/15/2010','12:32'),(29,29,29,'08/28/2008','12:32'),(30,30,30,'10/04/2002','12:32');
--prescriptions
INSERT INTO prescription([date],[dose],[patient_id],[description],[doctor_id]) VALUES('07/27/2021',24,1,'tincidunt,',1),('01/01/2022',27,2,'adipiscing',2),('09/20/2020',29,3,'vehicula.',3),('08/21/2021',5,4,'velit',4),('07/03/2021',1,5,'a',5),('05/10/2020',23,6,'non',6),('06/05/2020',15,7,'diam',7),('07/05/2020',24,8,'Nulla',8),('12/13/2020',6,9,'enim',9),('06/06/2021',15,10,'erat,',10);

--medicinees
INSERT INTO medicine([name],[chemical_formula],[amount]) VALUES('enim','Sed',32),('lectus,','volutpat.',23),('eu','Nulla',23),('ultrices,','Integer',47),('laoreet','sagittis',6),('facilisis','neque',46),('convallis','in,',28),('amet,','tellus',30),('velit.','at',37),('quis,','et',20),('consequat','id,',11),('aptent','est.',29),('faucibus','elementum,',6),('dolor.','rhoncus',22),('orci','est',9),('ut','fringilla,',3),('auctor','vitae',14),('placerat','ornare,',44),('mus.','morbi',34),('Vivamus','tellus',46),('justo.','et',34),('Curabitur','egestas',45),('et,','elit.',43),('neque.','fermentum',41),('Nunc','hendrerit',49),('Cum','eu',35),('lacinia','rutrum',50),('ultricies','turpis',12),('dui.','urna.',33),('feugiat','semper',42);
--medicine-prescriptions
INSERT INTO medicine_prescription([prescription_id],[medicine_id]) VALUES(1,1),(2,2),(3,3),(4,4),(5,5),(6,6),(7,7),(8,8),(9,9),(10,10)
